task,backbone_lr,best_val_acc,best_val_loss,best_val_macro_f1,head_lr,learning_rate,recall_Healthy,recall_Mild,recall_Moderate,recall_Severe,train_acc,train_loss,train_recall,val_acc,val_loss,val_macro_f1,val_recall,val_top5,最终epoch
Task 1 - 标签分类 (Label Classification),4.5e-05,,,,0.000135,,,,,,96.11,0.099,95.16,94.25,2.9474,0.881238,87.77,96.8,39
Task 2 - 作物分类 (Crop Classification),1.5000222945431768e-05,,,,4.5000668836295304e-05,,,,,,95.94594594594597,5.7169997208827255,,67.90205162144275,1.0868914394084526,0.6077302692226173,,95.98499889697771,29
Task 3 - 严重程度分类 (Severity Classification),,67.3284800352967,0.5330261923002928,0.608227639344677,,1.4999999999999999e-05,0.9929789368104313,0.9056291390728477,0.0,0.8344827586206897,94.09974319140167,0.48528490041186756,,67.41672181778073,0.5363747933014533,0.6081025678178738,,,11
Task 4 - 多任务学习 (Multi-task Learning),,,,,,,0.9929789368104313,0.9082491582491582,,0.8275862068965517,,,,90.62431061107435,,0.9090978228696039,,,
