{
  "accuracy": 0.6732848003529671,
  "macro_f1": 0.608227639344677,
  "per_class_recall": {
    "Healthy": 0.9929789368104313,
    "Mild": 0.9056291390728477,
    "Moderate": 0.0,
    "Severe": 0.8344827586206897
  },
  "confusion_matrix": [
    [
      990,
      6,
      0,
      1
    ],
    [
      2,
      1094,
      0,
      112
    ],
    [
      8,
      1059,
      0,
      101
    ],
    [
      0,
      192,
      0,
      968
    ]
  ],
  "loss": 0.5330261923002928,
  "acc": 67.3284800352967
}