{
  "epoch": [
    0,
    1,
    2,
    3,
    4,
    5,
    6,
    7,
    8,
    9,
    10,
    11
  ],
  "train_loss": [
    0.7098773283842178,
    0.5657357356943721,
    0.5443315175407256,
    0.5316044660804502,
    0.5220168473180762,
    0.5148033667962267,
    0.506450711417518,
    0.5010487979058816,
    0.4962673643139455,
    0.4917890273460003,
    0.48575983865445294,
    0.48528490041186756
  ],
  "train_acc": [
    77.3849909641419,
    88.12656542278305,
    89.77204273802353,
    90.59636663390508,
    91.18290479059003,
    91.7884658064107,
    92.41304968136711,
    92.73326781015187,
    93.16128214070575,
    93.58929647125963,
    94.0458450905171,
    94.09974319140167
  ],
  "val_loss": [
    0.5704724399059412,
    0.5474782622586332,
    0.5401047421572042,
    0.539224244902367,
    0.5310429147529518,
    0.5298041338337302,
    0.531389650757045,
    0.5328079594330837,
    0.5330261923002928,
    0.531086571940307,
    0.5351692094343692,
    0.5363747933014533
  ],
  "val_acc": [
    65.07831458195456,
    65.8063092874476,
    66.90933156849768,
    66.40194131921464,
    66.9534524597397,
    67.01963379660269,
    67.1519964703287,
    66.90933156849768,
    67.3284800352967,
    67.1078755790867,
    66.84315023163468,
    67.41672181778073
  ],
  "val_macro_f1": [
    0.5895573696967629,
    0.5973000135747486,
    0.6040785707922975,
    0.6011549195886803,
    0.6057678973208487,
    0.6066422105475338,
    0.607897674916798,
    0.6049648535008136,
    0.608227639344677,
    0.607656284794913,
    0.6052835515320187,
    0.6081025678178738
  ],
  "learning_rate": [
    0.00014769999327451206,
    0.00014095671475544962,
    0.00013022970773009197,
    0.00011625000000000002,
    9.997028554442017e-05,
    8.250000000000001e-05,
    6.502971445557987e-05,
    4.875000000000002e-05,
    3.477029226990805e-05,
    2.404328524455039e-05,
    1.7300006725487897e-05,
    1.4999999999999999e-05
  ]
}